{
    "epoch": 5.0,
    "eval_loss": 0.003825238673016429,
    "eval_runtime": 1.3209,
    "eval_samples_per_second": 75.708,
    "eval_steps_per_second": 18.927,
    "num_input_tokens_seen": 907648,
    "total_flos": 1.085951824625664e+16,
    "train_loss": 0.06549765138756483,
    "train_runtime": 149.8762,
    "train_samples_per_second": 33.361,
    "train_steps_per_second": 4.17
}